DELETE FROM sim_stock;
DELETE FROM sim;
DELETE FROM operator;
DELETE FROM stock;


-- Create Operators
INSERT INTO operator (created_at, updated_at, name) VALUES (NOW(), NOW(), 'Orange');
INSERT INTO operator (created_at, updated_at, name) VALUES (NOW(), NOW(), 'Inwi');
INSERT INTO operator (created_at, updated_at, name) VALUES (NOW(), NOW(), 'IAM');

-- Create Stock
INSERT INTO stock (date_entree, quantity) VALUES (NOW(), 50);

-- Insert 50 SIMs with different phone numbers and CCIDs
INSERT INTO sim (created_at, updated_at, operator_id, ccid, phone, pin, puk, status) VALUES
(NOW(), NOW(), 1, '123456789012345001', '1234567891', '1234', '12345678', 'PENDING'),
(NOW(), NOW(), 1, '123456789012345002', '1234567892', '1234', '12345678', 'PENDING'),
(NOW(), NOW(), 1, '123456789012345003', '1234567893', '1234', '12345678', 'PENDING'),
(NOW(), NOW(), 1, '123456789012345004', '1234567894', '1234', '12345678', 'PENDING'),
(NOW(), NOW(), 1, '123456789012345005', '1234567895', '1234', '12345678', 'PENDING'),
(NOW(), NOW(), 2, '123456789012345006', '1234567896', '1234', '12345678', 'PENDING'),
(NOW(), NOW(), 2, '123456789012345007', '1234567897', '1234', '12345678', 'PENDING'),
(NOW(), NOW(), 2, '123456789012345008', '1234567898', '1234', '12345678', 'PENDING'),
(NOW(), NOW(), 2, '123456789012345009', '1234567899', '1234', '12345678', 'PENDING'),
(NOW(), NOW(), 2, '123456789012345010', '1234567890', '1234', '12345678', 'PENDING'),
(NOW(), NOW(), 3, '123456789012345011', '12345678911', '1234', '12345678', 'PENDING'),
(NOW(), NOW(), 3, '123456789012345012', '12345678912', '1234', '12345678', 'PENDING'),
(NOW(), NOW(), 3, '123456789012345013', '12345678913', '1234', '12345678', 'PENDING'),
(NOW(), NOW(), 3, '123456789012345014', '12345678914', '1234', '12345678', 'PENDING'),
(NOW(), NOW(), 3, '123456789012345015', '12345678915', '1234', '12345678', 'PENDING'),
(NOW(), NOW(), 1, '123456789012345016', '12345678916', '1234', '12345678', 'PENDING'),
(NOW(), NOW(), 1, '123456789012345017', '12345678917', '1234', '12345678', 'PENDING'),
(NOW(), NOW(), 1, '123456789012345018', '12345678918', '1234', '12345678', 'PENDING'),
(NOW(), NOW(), 1, '123456789012345019', '12345678919', '1234', '12345678', 'PENDING'),
(NOW(), NOW(), 1, '123456789012345020', '12345678920', '1234', '12345678', 'PENDING'),
(NOW(), NOW(), 2, '123456789012345021', '12345678921', '1234', '12345678', 'PENDING'),
(NOW(), NOW(), 2, '123456789012345022', '12345678922', '1234', '12345678', 'PENDING'),
(NOW(), NOW(), 2, '123456789012345023', '12345678923', '1234', '12345678', 'PENDING'),
(NOW(), NOW(), 2, '123456789012345024', '12345678924', '1234', '12345678', 'PENDING'),
(NOW(), NOW(), 2, '123456789012345025', '12345678925', '1234', '12345678', 'PENDING'),
(NOW(), NOW(), 3, '123456789012345026', '12345678926', '1234', '12345678', 'PENDING'),
(NOW(), NOW(), 3, '123456789012345027', '12345678927', '1234', '12345678', 'PENDING'),
(NOW(), NOW(), 3, '123456789012345028', '12345678928', '1234', '12345678', 'PENDING'),
(NOW(), NOW(), 3, '123456789012345029', '12345678929', '1234', '12345678', 'PENDING'),
(NOW(), NOW(), 3, '123456789012345030', '12345678930', '1234', '12345678', 'PENDING'),
(NOW(), NOW(), 1, '123456789012345031', '12345678931', '1234', '12345678', 'PENDING'),
(NOW(), NOW(), 1, '123456789012345032', '12345678932', '1234', '12345678', 'PENDING'),
(NOW(), NOW(), 1, '123456789012345033', '12345678933', '1234', '12345678', 'PENDING'),
(NOW(), NOW(), 1, '123456789012345034', '12345678934', '1234', '12345678', 'PENDING'),
(NOW(), NOW(), 1, '123456789012345035', '12345678935', '1234', '12345678', 'PENDING'),
(NOW(), NOW(), 2, '123456789012345036', '12345678936', '1234', '12345678', 'PENDING'),
(NOW(), NOW(), 2, '123456789012345037', '12345678937', '1234', '12345678', 'PENDING'),
(NOW(), NOW(), 2, '123456789012345038', '12345678938', '1234', '12345678', 'PENDING'),
(NOW(), NOW(), 2, '123456789012345039', '12345678939', '1234', '12345678', 'PENDING'),
(NOW(), NOW(), 2, '123456789012345040', '12345678940', '1234', '12345678', 'PENDING'),
(NOW(), NOW(), 3, '123456789012345041', '12345678941', '1234', '12345678', 'PENDING'),
(NOW(), NOW(), 3, '123456789012345042', '12345678942', '1234', '12345678', 'PENDING'),
(NOW(), NOW(), 3, '123456789012345043', '12345678943', '1234', '12345678', 'PENDING'),
(NOW(), NOW(), 3, '123456789012345044', '12345678944', '1234', '12345678', 'PENDING'),
(NOW(), NOW(), 3, '123456789012345045', '12345678945', '1234', '12345678', 'PENDING'),
(NOW(), NOW(), 1, '123456789012345046', '12345678946', '1234', '12345678', 'PENDING'),
(NOW(), NOW(), 1, '123456789012345047', '12345678947', '1234', '12345678', 'PENDING'),
(NOW(), NOW(), 1, '123456789012345048', '12345678948', '1234', '12345678', 'PENDING'),
(NOW(), NOW(), 1, '123456789012345049', '12345678949', '1234', '12345678', 'PENDING'),
(NOW(), NOW(), 1, '123456789012345050', '12345678950', '1234', '12345678', 'PENDING');

-- Insert data into sim_stock
INSERT INTO sim_stock (operator_id, stock_id) VALUES
(1, 1),
(2, 1),
(3, 1);
